first_name,last_name,phone_number,email,num
Urbain,Sallenger,870-962-3048,usallenger0@statcounter.com,94
Tamqrah,Ivanchikov,269-912-1823,tivanchikov1@geocities.jp,12
Wolfie,Hovell,299-218-7756,whovell2@vkontakte.ru,13
Aubrey,Waples,958-210-1480,awaples3@moonfruit.com,100
Ysabel,Gulland,235-364-6421,ygulland4@barnesandnoble.com,
Charley,Bahde,405-762-6617,cbahde5@google.it,90
Fanechka,Titmuss,119-401-5920,ftitmuss6@unblog.fr,44
Livvy,Truss,718-999-9118,ltruss7@narod.ru,87
Riki,Mabley,608-589-0742,rmabley8@shareasale.com,8
Rodney,Bwy,554-163-4134,rbwy9@linkedin.com,30
Aridatha,De Fries,213-388-3761,adefriesa@acquirethisname.com,19
Rik,Siehard,339-548-4923,rsiehardb@google.de,87
Salvatore,Murtell,400-353-1387,smurtellc@pbs.org,51
Mei,Fullerd,646-119-6074,mfullerdd@columbia.edu,28
Ermin,ducarme,510-236-6944,educarmee@nbcnews.com,45
Morry,Ronnay,324-686-1811,mronnayf@diigo.com,67
Marianna,Dracksford,461-339-9080,mdracksfordg@weebly.com,69
Noble,Radloff,306-880-9472,nradloffh@amazonaws.com,25
Adams,Pitkaithly,616-985-1778,apitkaithlyi@alibaba.com,44
Poppy,McGillacoell,780-198-6548,pmcgillacoellj@skype.com,29
Briggs,Campagne,909-887-9814,bcampagnek@wikispaces.com,72
Phil,Cremins,130-462-6351,pcreminsl@webmd.com,73
Derby,Toyne,161-156-3495,dtoynem@shinystat.com,51
Fernando,Bunting,516-805-5921,fbuntingn@gizmodo.com,45
Janie,Berrisford,875-678-6757,jberrisfordo@vk.com,64
Alvis,Carmel,806-564-7716,acarmelp@nasa.gov,9
Sandro,Sandever,682-402-8812,ssandeverq@narod.ru,85
Fabian,Swan,974-746-6816,fswanr@istockphoto.com,84
Allis,Callister,749-980-0327,acallisters@hubpages.com,55
Zerk,Kays,590-823-4471,zkayst@lycos.com,71
Dall,Teck,629-861-2386,dtecku@themeforest.net,48
Rufe,Duckerin,105-625-5966,rduckerinv@github.com,44
Joane,Fillingham,208-381-6201,jfillinghamw@statcounter.com,64
Zebulon,Findon,727-979-5411,zfindonx@usnews.com,19
Steffi,Savidge,892-250-2973,ssavidgey@icq.com,49
Barnabe,Pauleau,160-404-4464,bpauleauz@google.co.uk,67
Craggie,Toleman,986-829-4620,ctoleman10@icio.us,66
Caralie,Peddar,919-419-1248,cpeddar11@istockphoto.com,75
Adrienne,Goff,409-781-7629,agoff12@prnewswire.com,50
Orson,Eastham,530-830-9746,oeastham13@weebly.com,85
Donny,Giametti,638-428-4702,dgiametti14@pen.io,15
Jaymee,Lyosik,729-345-3870,jlyosik15@vkontakte.ru,98
Coriss,Dimitrescu,839-967-0509,cdimitrescu16@google.de,58
Hilary,Anger,405-405-7008,hanger17@netlog.com,12
Torre,Ledur,728-382-5412,tledur18@lulu.com,34
Abbye,Cronchey,211-739-3676,acronchey19@slideshare.net,32
Willi,Ranscome,475-368-6559,wranscome1a@sakura.ne.jp,30
Rollie,Minchindon,947-237-1543,rminchindon1b@soup.io,27
Ardys,Chate,674-322-0392,achate1c@nationalgeographic.com,46
Dido,Opfer,248-450-1075,dopfer1d@hud.gov,47
Dunc,Aiskrigg,927-460-8180,daiskrigg1e@illinois.edu,7
Alfredo,Bissett,138-384-1484,abissett1f@naver.com,33
Delmar,Macauley,474-561-8216,dmacauley1g@mlb.com,41
Carree,Shapcott,163-228-4790,cshapcott1h@1und1.de,72
Dorey,Mundford,268-907-8511,dmundford1i@so-net.ne.jp,62
Nickey,Godfree,474-853-0917,ngodfree1j@hostgator.com,63
Ariadne,Routley,824-796-4717,aroutley1k@pagesperso-orange.fr,22
Eduardo,Vockings,906-380-5134,evockings1l@sfgate.com,78
Aldus,Carnson,939-455-0410,acarnson1m@elegantthemes.com,11
Toinette,Vedekhov,944-698-9994,tvedekhov1n@scientificamerican.com,86
Dennet,Sigsworth,535-613-5452,dsigsworth1o@webnode.com,34
Burnaby,Hune,786-479-0191,bhune1p@goodreads.com,49
Ollie,Houndsom,788-807-5287,ohoundsom1q@exblog.jp,38
Doe,Abriani,486-599-3690,dabriani1r@salon.com,28
Dawn,Sands-Allan,687-862-7105,dsandsallan1s@chicagotribune.com,25
Wallis,Parsley,904-856-4877,wparsley1t@t.co,44
Jessalin,Ropking,503-313-8301,jropking1u@narod.ru,98
Conni,Stollenwerck,374-398-4930,cstollenwerck1v@oaic.gov.au,20
Montague,Stallworth,778-167-7230,mstallworth1w@tinypic.com,59
Inga,Michal,950-799-5614,imichal1x@va.gov,43
Sophia,Fold,420-505-1266,sfold1y@cbc.ca,83
Helenka,Ockenden,612-534-6391,hockenden1z@wordpress.org,67
Justinian,Matusovsky,108-308-2744,jmatusovsky20@cpanel.net,59
Rasla,Goodredge,678-120-2784,rgoodredge21@canalblog.com,12
Babbette,Yarnell,496-804-3820,byarnell22@vinaora.com,80
Nev,Thomassin,184-571-4030,nthomassin23@europa.eu,72
Valencia,Crawshaw,385-339-8720,vcrawshaw24@desdev.cn,66
Freddy,Narracott,161-653-3185,fnarracott25@github.io,97
Shepperd,Eleshenar,460-373-3188,seleshenar26@feedburner.com,65
Sidoney,Guye,892-484-7328,sguye27@europa.eu,11
Ruthanne,Georgievski,303-168-6810,rgeorgievski28@ibm.com,64
Kirk,Gerkens,286-348-2926,kgerkens29@salon.com,15
Oby,Gutowski,728-882-9497,ogutowski2a@wiley.com,11
Rafaelia,Milvarnie,643-576-1094,rmilvarnie2b@theglobeandmail.com,8
Adella,Stoves,635-130-0233,astoves2c@cloudflare.com,37
Leona,Doyley,800-714-3302,ldoyley2d@purevolume.com,58
Dniren,Teulier,254-303-0750,dteulier2e@list-manage.com,24
Betty,Boath,438-890-2881,bboath2f@scientificamerican.com,26
Rafe,Maier,554-253-9978,rmaier2g@freewebs.com,93
Teressa,Moscone,829-787-6583,tmoscone2h@goo.ne.jp,42
Nealson,Drinan,906-559-5185,ndrinan2i@dropbox.com,15
Shanna,Comelini,761-765-1650,scomelini2j@reddit.com,67
Constantin,Richardin,679-875-2222,crichardin2k@shinystat.com,61
Armin,Undrill,941-932-8888,aundrill2l@deliciousdays.com,38
Sigvard,Philipsen,651-797-9220,sphilipsen2m@narod.ru,7
Aggie,Waldie,163-119-7969,awaldie2n@jigsy.com,58
Jolene,Gowrie,421-809-5561,jgowrie2o@linkedin.com,47
Den,Spottiswoode,637-966-8206,dspottiswoode2p@youtube.com,41
Chad,Byrnes,812-300-2854,cbyrnes2q@yahoo.com,89
Stephi,Tompkins,188-628-1422,stompkins2r@hp.com,92
Chane,Saleway,984-936-6901,csaleway2s@merriam-webster.com,24
Elfrida,Benzi,901-176-2550,ebenzi2t@ftc.gov,19
Corey,Shingler,868-681-0861,cshingler2u@dot.gov,75
Sybyl,Antoniutti,656-835-7509,santoniutti2v@privacy.gov.au,40
Mendie,Barbe,822-663-2614,mbarbe2w@mit.edu,46
Garv,Pilfold,555-486-6164,gpilfold2x@flavors.me,22
Giusto,Weagener,180-198-2401,gweagener2y@unicef.org,73
Jeanne,Jenno,358-257-0619,jjenno2z@apache.org,56
Dion,Gillmore,627-773-4788,dgillmore30@newyorker.com,56
Theresina,Buyers,850-205-1702,tbuyers31@google.co.uk,91
Kale,Schankelborg,571-881-4043,kschankelborg32@shop-pro.jp,30
Cchaddie,Bonhill,558-682-7681,cbonhill33@newsvine.com,26
Konstanze,Doudny,992-160-0189,kdoudny34@msu.edu,44
Roderic,Joreau,938-619-8698,rjoreau35@msn.com,28
Marijn,Stampfer,961-442-7268,mstampfer36@nifty.com,91
Marsh,Clayden,343-351-5138,mclayden37@ask.com,61
Haroun,Cottam,187-403-9374,hcottam38@upenn.edu,10
Annadiane,Murby,980-779-2235,amurby39@deliciousdays.com,76
Ignace,Catterson,723-588-5065,icatterson3a@shareasale.com,8
Teddie,Edds,294-732-4504,tedds3b@senate.gov,50
Alida,Attard,425-442-9148,aattard3c@reddit.com,53
Cathleen,Edgson,309-709-2251,cedgson3d@latimes.com,22
Aland,Giorgio,423-421-2113,agiorgio3e@angelfire.com,78
Sheilakathryn,Linturn,668-932-5571,slinturn3f@paypal.com,82
Diandra,Browett,929-864-6947,dbrowett3g@tinypic.com,10
Dianne,Bettesworth,955-582-2276,dbettesworth3h@list-manage.com,32
Lorens,Kembry,890-571-2009,lkembry3i@netlog.com,72
Elisha,Holywell,901-192-9723,eholywell3j@vkontakte.ru,67
Con,Ducket,166-577-7849,cducket3k@paypal.com,49
Gonzales,Ronan,113-534-8545,gronan3l@hp.com,50
Aaren,Pickrill,753-113-9850,apickrill3m@disqus.com,76
Stefanie,Gill,616-604-0538,sgill3n@moonfruit.com,11
Nels,Standen,185-969-4784,nstanden3o@prnewswire.com,16
Barnard,Methringham,565-917-5106,bmethringham3p@naver.com,35
Esme,Frandsen,818-417-7370,efrandsen3q@about.me,6
Theodora,O'Rafferty,413-253-3690,torafferty3r@who.int,32
Hunt,Jack,719-553-3656,hjack3s@posterous.com,54
Stanislaus,Essery,359-857-4009,sessery3t@sina.com.cn,82
Brent,Beeble,835-627-0607,bbeeble3u@salon.com,29
Jill,Ridgwell,339-724-5857,jridgwell3v@barnesandnoble.com,32
Skyler,Ballston,258-137-7680,sballston3w@yellowbook.com,1
Glennis,Zelland,737-889-8677,gzelland3x@nifty.com,100
Maximo,Lenaghen,219-212-1687,mlenaghen3y@princeton.edu,54
Yolanda,Rawll,601-914-3445,yrawll3z@zimbio.com,3
Cindy,Gecks,594-689-8402,cgecks40@about.me,58
Eberhard,Ivanikhin,423-610-3830,eivanikhin41@icq.com,13
Pavla,Whewell,527-424-2260,pwhewell42@vk.com,95
Jocko,Hullett,141-569-6092,jhullett43@chron.com,25
Cassandry,Snell,138-767-0049,csnell44@who.int,9
Chloe,Deluce,478-746-1390,cdeluce45@livejournal.com,8
Mollie,Biaggiotti,245-455-9851,mbiaggiotti46@bigcartel.com,47
Natassia,Dufton,288-447-0876,ndufton47@ning.com,89
Ximenes,Dovydenas,405-319-4125,xdovydenas48@noaa.gov,42
Tynan,Klimmek,563-151-9065,tklimmek49@last.fm,36
Doralin,Cisson,375-712-8087,dcisson4a@blogs.com,62
Hatti,Beggin,536-752-1867,hbeggin4b@de.vu,38
Barry,Fearnyhough,483-161-9633,bfearnyhough4c@bizjournals.com,79
Charmain,Farnaby,228-536-6689,cfarnaby4d@printfriendly.com,55
Nicolai,Rosenthal,705-470-9223,nrosenthal4e@soundcloud.com,28
Kelwin,Oscroft,237-532-2145,koscroft4f@independent.co.uk,89
Gaby,Lage,211-969-5610,glage4g@goo.gl,28
Rachael,Goodfellow,329-913-1514,rgoodfellow4h@apple.com,20
Ursala,Causey,366-583-4319,ucausey4i@google.ru,26
Jazmin,Leverich,218-511-5014,jleverich4j@php.net,88
Palm,Vanns,508-417-7999,pvanns4k@earthlink.net,52
Kendre,Pigot,960-342-1186,kpigot4l@thetimes.co.uk,21
Randi,Aslin,379-558-1399,raslin4m@ted.com,90
Sayre,Sherred,432-898-1874,ssherred4n@shareasale.com,54
Carolann,Halse,770-711-4179,chalse4o@home.pl,67
Gilda,Cotterel,973-851-9308,gcotterel4p@parallels.com,29
Bryant,Zanotti,263-833-3311,bzanotti4q@cnbc.com,14
Denys,Etheridge,520-830-5898,detheridge4r@reverbnation.com,90
Alaster,Island,303-673-5786,aisland4s@amazon.de,15
Melicent,Jewes,180-881-5649,mjewes4t@ehow.com,18
Symon,Minett,768-869-5188,sminett4u@nature.com,50
Obadiah,Sebborn,603-107-4042,osebborn4v@shop-pro.jp,77
Reg,Waind,131-595-3289,rwaind4w@over-blog.com,58
Reinald,Studdard,102-449-2788,rstuddard4x@scientificamerican.com,23
Merry,Ashbolt,125-891-4822,mashbolt4y@bluehost.com,45
Arlana,Rakestraw,457-273-0993,arakestraw4z@addthis.com,53
Melisandra,Gallant,929-729-3704,mgallant50@sourceforge.net,29
Gratia,Merrigan,177-197-2991,gmerrigan51@go.com,83
Erin,Mould,129-864-7318,emould52@digg.com,56
Arlen,Sarchwell,393-652-7950,asarchwell53@foxnews.com,81
Arther,Kneafsey,236-956-8118,akneafsey54@reddit.com,65
Max,Scones,202-626-7987,mscones55@google.pl,43
Cyrus,Quene,620-455-5734,cquene56@hibu.com,33
Marlee,Edmundson,197-954-7897,medmundson57@furl.net,54
Ellerey,Eskriett,326-998-2979,eeskriett58@hud.gov,50
Waylan,Peace,848-726-6107,wpeace59@netvibes.com,35
Sidoney,Campe,485-502-4199,scampe5a@census.gov,42
Abigael,Lillegard,299-182-6487,alillegard5b@wiley.com,77
Aguistin,Pantridge,114-104-2086,apantridge5c@oakley.com,75
Truda,Maylam,206-636-6354,tmaylam5d@devhub.com,83
Maryellen,McGuiness,705-256-7658,mmcguiness5e@xing.com,7
Fred,Anslow,344-507-5304,fanslow5f@symantec.com,48
Franklin,Wicklen,902-598-9995,fwicklen5g@domainmarket.com,6
Ignacio,Gaines,954-505-5048,igaines5h@army.mil,23
Graig,Bonsale,269-839-7930,gbonsale5i@creativecommons.org,69
Sigfrid,Huriche,374-645-8223,shuriche5j@163.com,16
